{
    "epoch": [
        1,
        2,
        3
    ],
    "loss": [
        0.6705616116523743,
        0.6647500395774841,
        0.6629191040992737,
        0.6580266356468201,
        0.65301913022995,
        0.6528505682945251,
        0.6468367576599121,
        0.6459658145904541,
        0.6457557678222656,
        0.6386562585830688,
        0.6397765874862671,
        0.6504232287406921,
        0.6481267809867859,
        0.6482264995574951,
        0.6542741060256958,
        0.6431394219398499,
        0.6467698216438293,
        0.6377324461936951,
        0.6345438361167908,
        0.6338624358177185,
        0.6329632997512817,
        0.6348984241485596,
        0.6338264346122742,
        0.6301179528236389,
        0.6219160556793213,
        0.6202492117881775,
        0.63044673204422,
        0.6209606528282166,
        0.6132664680480957,
        0.6263003945350647,
        0.6206067800521851,
        0.6127527952194214,
        0.6099624633789062,
        0.6154638528823853,
        0.618548572063446,
        0.6117487549781799,
        0.5962584018707275,
        0.58584064245224,
        0.5812414884567261,
        0.5825983285903931,
        0.5720350742340088,
        0.5695124268531799,
        0.5742213129997253,
        0.5598787665367126,
        0.5612378120422363,
        0.5512612462043762,
        0.5400606989860535,
        0.5444127917289734,
        0.5390658378601074,
        0.5218935012817383,
        0.5374677777290344,
        0.537369966506958,
        0.522314190864563,
        0.5169861912727356,
        0.5185430645942688,
        0.5190784931182861,
        0.5203825235366821,
        0.5369957089424133,
        0.5154112577438354,
        0.5167531967163086,
        0.5164729952812195,
        0.5191473364830017,
        0.5224494338035583,
        0.5071988105773926,
        0.5267906785011292,
        0.5153430104255676,
        0.5144797563552856,
        0.5223621726036072,
        0.526005208492279
    ],
    "auc": [
        0.8080513881245945,
        0.7999034959254154,
        0.8072592909408962
    ],
    "report": [
        "              precision    recall  f1-score   support\n\n         0.0       1.00      0.00      0.00    168110\n         1.0       0.76      1.00      0.86    518464\n\n    accuracy                           0.76    686574\n   macro avg       0.88      0.50      0.43    686574\nweighted avg       0.82      0.76      0.65    686574\n",
        "              precision    recall  f1-score   support\n\n         0.0       1.00      0.00      0.00    168110\n         1.0       0.76      1.00      0.86    518464\n\n    accuracy                           0.76    686574\n   macro avg       0.88      0.50      0.43    686574\nweighted avg       0.82      0.76      0.65    686574\n",
        "              precision    recall  f1-score   support\n\n         0.0       0.50      0.71      0.58    168110\n         1.0       0.89      0.77      0.82    518464\n\n    accuracy                           0.75    686574\n   macro avg       0.69      0.74      0.70    686574\nweighted avg       0.79      0.75      0.77    686574\n"
    ]
}